{
    "$schema": "https://json-schema.org/draft/2020-12/schema",
    "$id": "schema-5.json",
    "title": "Brand Schema",
    "type": "object",
    "additionalProperties": false,
    "properties": {
        "description": {
            "type": "string"
        },
        "@context": {
            "$ref": "#/$defs/context"
        },
        "@graph": {
            "type": "array",
            "description": "List of brands",
            "items": {
                "$ref": "#/$defs/brand"
            }
        }
    },
    "$defs": {
        "context": {
            "type": [
                "string",
                "object"
            ],
            "properties": {
                "ex": {
                    "type": "string"
                },
                "@base": {
                    "type": "string"
                },
                "rdf": {
                    "type": "string"
                },
                "rdfs": {
                    "type": "string"
                },
                "foaf": {
                    "type": "string"
                },
                "schema": {
                    "type": "string"
                },
                "dpv": {
                    "type": "string"
                },
                "iol": {
                    "type": "string"
                },
                "vcard": {
                    "type": "string"
                },
                "km4c": {
                    "type": "string"
                },
                "uiot": {
                    "type": "string"
                },
                "oo": {
                    "type": "string"
                },
                "seasto": {
                    "type": "string"
                },
                "xsd": {
                    "type": "string"
                },
                "type": {
                    "type": "string"
                },
                "uri": {
                    "type": "string"
                }
            },
            "required": [
                "ex",
                "@base",
                "rdf",
                "rdfs",
                "foaf",
                "schema",
                "dpv",
                "iol",
                "vcard",
                "km4c",
                "uiot",
                "oo",
                "seasto",
                "xsd",
                "type",
                "uri"
            ]
        },
        "valueWithLanguage": {
            "type": "object",
            "properties": {
                "@value": {
                    "type": "string",
                    "description": "The value of the property."
                },
                "@language": {
                    "type": "string",
                    "description": "The language tag of the value."
                }
            },
            "required": [
                "@value"
            ]
        },
        "@id": {
            "type": "string",
            "format": "uri"
        },
        "brand": {
            "type": "object",
            "properties": {
                "@id": {
                    "$ref": "#/$defs/@id"
                },
                "@type": {
                    "const": "schema:Brand"
                },
                "name": {
                    "$ref": "#/$defs/valueWithLanguage"
                },
                "email": {
                    "type": "string",
                    "format": "email",
                    "description": "The email address for the brand."
                },
                "products": {
                    "type": "array",
                    "minItems": 0,
                    "items": {
                        "$ref": "#/$defs/product"
                    }
                }
            },
            "required": [
                "@id",
                "@type",
                "name",
                "email"
            ]
        },
        "product": {
            "type": "object",
            "properties": {
                "@id": {
                    "$ref": "#/$defs/@id"
                },
                "@type": {
                    "const": "schema:Product"
                },
                "price": {
                    "type": "integer"
                },
                "name": {
                    "$ref": "#/$defs/valueWithLanguage"
                },
                "discount": {
                    "type": "integer"
                },
                "VAT": {
                    "type": "integer"
                }
            },
            "required": [
                "@id",
                "@type",
                "price",
                "name",
                "discount",
                "VAT"
            ]
        }
    }
}