{
    "$schema": "https://json-schema.org/draft/2020-12/schema",
    "title": "Brand Schema",
    "type": "object",
    "properties": {
        "orders": {
        "type": "array",
        "items": {
            "$ref": "#/$defs/brand"
        }
        }
    },
    "$defs": {
        "brand": {
        "type": "object",
        "properties": {
            "name_sch": {
            "$ref": "#/$defs/langString"
            },
            "email_sch": {
            "type": "string",
            "format": "email"
            },
            "products": {
            "type": "array",
            "minItems": 0,
            "items": {
                "$ref": "#/$defs/product"
            }
            }
        },
        "required": ["name_sch", "email_sch"]    
        },
        "product": {
        "type": "object",
        "properties": {
            "price": {
            "type": "integer"
            },
            "name_sch": {
            "$ref": "#/$defs/langString"
            },
            "discount": {
            "type": "integer"
            },
            "VAT": {
            "type": "integer"
            }
        },
        "required": ["price", "name_sch", "discount", "VAT"]
        }
    }
}