{
    "@context": [
        "http://www.w3.org/ns/csvw",
        {
            "@language": "en"
        }
    ],
    "@type": "TableGroup",
    "@id": "http://example.org/pcshop/csv-metadata.json",
    "dc:description": "PC Shop Database",
    "tables": [
        {
            "@type": "Table",
            "url": "data-1.csv",
            "tableSchema": {
                "@type": "Schema",
                "aboutUrl": "{+uri}",
                "columns": [
                    {
                        "@type": "Column",
                        "name": "uri",
                        "titles": "URI",
                        "dc:description": "Order URI",
                        "required": true,
                        "datatype": "anyURI",
                        "propertyUrl": "rdf:type",
                        "valueUrl": "schema:Order"
                    },
                    {
                        "@type": "Column",
                        "name": "orderNumber",
                        "titles": "orderNumber",
                        "dc:description": "Identifier for tracking order state",
                        "required": true,
                        "datatype": "integer",
                        "propertyUrl": "schema:orderNumber"
                    },
                    {
                        "@type": "Column",
                        "name": "totalPrice",
                        "titles": "totalPrice",
                        "dc:description": "Total price of the order",
                        "required": true,
                        "datatype": "integer",
                        "propertyUrl": "schema:price"
                    },
                    {
                        "@type": "Column",
                        "name": "customerURI",
                        "titles": "customerURI",
                        "dc:description": "Customer foreign key",
                        "required": true,
                        "datatype": "anyURI",
                        "suppressOutput": true
                    },
                    {
                        "@type": "Column",
                        "name": "addressURI",
                        "titles": "addressURI",
                        "dc:description": "Address foreign key",
                        "required": true,
                        "datatype": "anyURI",
                        "propertyUrl": "schema:billingAddress",
                        "valueUrl": "{+addressURI}"
                    },
                    {
                        "aboutUrl": "{+customerURI}",
                        "propertyUrl": "schema:referencesOrder",
                        "valueUrl": "{+uri}",
                        "virtual": true
                    }
                ],
                "primaryKey": "uri",
                "foreignKeys": [
                    {
                        "columnReference": "customerURI",
                        "reference": {
                            "resource": "data-2.csv",
                            "columnReference": "uri"
                        }
                    },
                    {
                        "columnReference": "addressURI",
                        "reference": {
                            "resource": "data-12.csv",
                            "columnReference": "uri"
                        }
                    }
                ]
            }
        },
        {
            "@type": "Table",
            "url": "data-2.csv",
            "tableSchema": {
                "@type": "Schema",
                "aboutUrl": "{+uri}",
                "columns": [
                    {
                        "@type": "Column",
                        "name": "uri",
                        "titles": "URI",
                        "dc:description": "Customer URI",
                        "required": true,
                        "datatype": "anyURI",
                        "propertyUrl": "rdf:type",
                        "valueUrl": "https://w3c.github.io/dpv/2.0/Customer"
                    },
                    {
                        "@type": "Column",
                        "name": "name",
                        "titles": "name",
                        "dc:description": "Customer name",
                        "required": true,
                        "datatype": "string",
                        "propertyUrl": "foaf:name",
                        "lang": "en"
                    },
                    {
                        "@type": "Column",
                        "name": "email",
                        "titles": "email",
                        "dc:description": "Customer e-mail",
                        "required": true,
                        "datatype": "string",
                        "propertyUrl": "foaf:mbox",
                        "valueUrl": "mailto:{+email}"
                    },
                    {
                        "@type": "Column",
                        "name": "registrationDate",
                        "titles": "registrationDate",
                        "dc:description": "Registration date of the Customer",
                        "required": true,
                        "datatype": "dateTime",
                        "propertyUrl": "http://www.w3id.org/urban-iot/core#registrationDate"
                    },
                    {
                        "@type": "Column",
                        "name": "privileged",
                        "titles": "privileged",
                        "dc:description": "Privileged status of the Customer",
                        "required": true,
                        "datatype": "string",
                        "propertyUrl": "schema:identifier",
                        "lang": "en"
                    },
                    {
                        "@type": "Column",
                        "name": "addressURI",
                        "titles": "addressURI",
                        "dc:description": "Address foreign key",
                        "required": true,
                        "datatype": "anyURI",
                        "propertyUrl": "schema:address",
                        "valueUrl": "{+addressURI}"
                    }
                ],
                "primaryKey": "uri",
                "foreignKeys": [
                    {
                        "columnReference": "addressURI",
                        "reference": {
                            "resource": "data-12.csv",
                            "columnReference": "uri"
                        }
                    }
                ]
            }
        },
        {
            "@type": "Table",
            "url": "data-3.csv",
            "tableSchema": {
                "@type": "Schema",
                "aboutUrl": "{+uri}",
                "columns": [
                    {
                        "@type": "Column",
                        "name": "uri",
                        "titles": "URI",
                        "dc:description": "Employee URI",
                        "required": true,
                        "datatype": "anyURI",
                        "propertyUrl": "rdf:type",
                        "valueUrl": "schema:EmployeeRole"
                    },
                    {
                        "@type": "Column",
                        "name": "name",
                        "titles": "name",
                        "dc:description": "Employee name",
                        "required": true,
                        "datatype": "string",
                        "propertyUrl": "foaf:name",
                        "lang": "en"
                    },
                    {
                        "@type": "Column",
                        "name": "email",
                        "titles": "email",
                        "dc:description": "Employee e-mail",
                        "required": true,
                        "datatype": "string",
                        "propertyUrl": "foaf:mbox",
                        "valueUrl": "mailto:{+email}"
                    },
                    {
                        "@type": "Column",
                        "name": "startingDate",
                        "titles": "startingDate",
                        "dc:description": "Starting date of the Employee",
                        "required": true,
                        "datatype": "dateTime",
                        "propertyUrl": "schema:startDate"
                    },
                    {
                        "@type": "Column",
                        "name": "addressURI",
                        "titles": "addressURI",
                        "dc:description": "Address foreign key",
                        "required": true,
                        "datatype": "anyURI",
                        "propertyUrl": "schema:address",
                        "valueUrl": "{+addressURI}"
                    }
                ],
                "primaryKey": "uri",
                "foreignKeys": [
                    {
                        "columnReference": "addressURI",
                        "reference": {
                            "resource": "data-12.csv",
                            "columnReference": "uri"
                        }
                    }
                ]
            }
        },
        {
            "@type": "Table",
            "url": "data-4.csv",
            "tableSchema": {
                "@type": "Schema",
                "columns": [
                    {
                        "@type": "Column",
                        "name": "employeeURI",
                        "titles": "employeeURI",
                        "dc:description": "Employee foreign key",
                        "datatype": "anyURI",
                        "required": true,
                        "suppressOutput": true
                    },
                    {
                        "@type": "Column",
                        "name": "orderURI",
                        "titles": "orderURI",
                        "dc:description": "Order foreign key",
                        "datatype": "anyURI",
                        "required": true,
                        "aboutUrl": "{+orderURI}",
                        "propertyUrl": "http://www.ontologydesignpatterns.org/ont/dul/IOLite.owl#isAssignedTo",
                        "valueUrl": "{+employeeURI}"
                    }
                ],
                "primaryKey": [
                    "employeeURI",
                    "orderURI"
                ],
                "foreignKeys": [
                    {
                        "columnReference": "employeeURI",
                        "reference": {
                            "resource": "data-3.csv",
                            "columnReference": "uri"
                        }
                    },
                    {
                        "columnReference": "orderURI",
                        "reference": {
                            "resource": "data-1.csv",
                            "columnReference": "uri"
                        }
                    }
                ]
            }
        },
        {
            "@type": "Table",
            "url": "data-5.csv",
            "tableSchema": {
                "@type": "Schema",
                "columns": [
                    {
                        "@type": "Column",
                        "name": "orderURI",
                        "titles": "orderURI",
                        "dc:description": "Order foreign key",
                        "datatype": "anyURI",
                        "required": true,
                        "aboutUrl": "{+orderURI}",
                        "propertyUrl": "schema:orderedItem",
                        "valueUrl": "{+productURI}"
                    },
                    {
                        "@type": "Column",
                        "name": "productURI",
                        "titles": "productURI",
                        "dc:description": "Product foreign key",
                        "datatype": "anyURI",
                        "required": true,
                        "suppressOutput": true
                    }
                ],
                "primaryKey": [
                    "orderURI",
                    "productURI"
                ],
                "foreignKeys": [
                    {
                        "columnReference": "orderURI",
                        "reference": {
                            "resource": "data-1.csv",
                            "columnReference": "uri"
                        }
                    },
                    {
                        "columnReference": "productURI",
                        "reference": {
                            "resource": "data-6.csv",
                            "columnReference": "uri"
                        }
                    }
                ]
            }
        },
        {
            "@type": "Table",
            "url": "data-6.csv",
            "tableSchema": {
                "@type": "Schema",
                "aboutUrl": "{+uri}",
                "columns": [
                    {
                        "@type": "Column",
                        "name": "uri",
                        "titles": "URI",
                        "dc:description": "Product URI",
                        "required": true,
                        "datatype": "anyURI",
                        "propertyUrl": "rdf:type",
                        "valueUrl": "schema:Product"
                    },
                    {
                        "@type": "Column",
                        "name": "price",
                        "titles": "price",
                        "dc:description": "Product price",
                        "datatype": "integer",
                        "required": true,
                        "propertyUrl": "schema:price"
                    },
                    {
                        "@type": "Column",
                        "name": "name",
                        "titles": "name",
                        "dc:description": "Product name",
                        "datatype": "string",
                        "required": true,
                        "propertyUrl": "schema:name",
                        "lang": "en"
                    },
                    {
                        "@type": "Column",
                        "name": "sale",
                        "titles": "sale",
                        "dc:description": "Product sale value",
                        "datatype": "integer",
                        "required": true,
                        "propertyUrl": "schema:discount"
                    },
                    {
                        "@type": "Column",
                        "name": "VAT",
                        "titles": "VAT",
                        "dc:description": "Product value-added tax",
                        "datatype": "integer",
                        "required": true,
                        "propertyUrl": "https://w3id.org/seas/valueAddedTax"
                    },
                    {
                        "@type": "Column",
                        "name": "brandURI",
                        "titles": "brandURI",
                        "dc:description": "Brand foreign key",
                        "datatype": "anyURI",
                        "required": true,
                        "propertyUrl": "schema:brand",
                        "valueUrl": "{+brandURI}"
                    }
                ],
                "primaryKey": "uri",
                "foreignKeys": [
                    {
                        "columnReference": "brandURI",
                        "reference": {
                            "resource": "data-7.csv",
                            "columnReference": "uri"
                        }
                    }
                ]
            }
        },
        {
            "@type": "Table",
            "url": "data-7.csv",
            "tableSchema": {
                "@type": "Schema",
                "aboutUrl": "{+uri}",
                "columns": [
                    {
                        "@type": "Column",
                        "name": "uri",
                        "titles": "URI",
                        "dc:description": "Brand URI",
                        "required": true,
                        "datatype": "anyURI",
                        "propertyUrl": "rdf:type",
                        "valueUrl": "schema:Brand"
                    },
                    {
                        "@type": "Column",
                        "name": "name",
                        "titles": "name",
                        "dc:description": "Brand name",
                        "datatype": "string",
                        "required": true,
                        "propertyUrl": "schema:name",
                        "lang": "en"
                    },
                    {
                        "@type": "Column",
                        "name": "companyEmail",
                        "titles": "companyEmail",
                        "dc:description": "Company email address (e.g., <mailto:email@example.com>)",
                        "datatype": "string",
                        "required": true,
                        "propertyUrl": "schema:email",
                        "valueUrl": "mailto:{+companyEmail}"
                    }
                ],
                "primaryKey": "uri"
            }
        },
        {
            "@type": "Table",
            "url": "data-8.csv",
            "tableSchema": {
                "@type": "Schema",
                "columns": [
                    {
                        "@type": "Column",
                        "name": "warehouseURI",
                        "titles": "warehouseURI",
                        "dc:description": "Warehouse foreign key",
                        "datatype": "anyURI",
                        "required": true,
                        "suppressOutput": true
                    },
                    {
                        "@type": "Column",
                        "name": "productURI",
                        "titles": "productURI",
                        "dc:description": "Product foreign key",
                        "datatype": "anyURI",
                        "required": true,
                        "aboutUrl": "{+productURI}",
                        "propertyUrl": "schema:location",
                        "valueUrl": "{+warehouseURI}"
                    }
                ],
                "primaryKey": [
                    "warehouseURI",
                    "productURI"
                ],
                "foreignKeys": [
                    {
                        "columnReference": "warehouseURI",
                        "reference": {
                            "resource": "data-9.csv",
                            "columnReference": "uri"
                        }
                    },
                    {
                        "columnReference": "productURI",
                        "reference": {
                            "resource": "data-6.csv",
                            "columnReference": "uri"
                        }
                    }
                ]
            }
        },
        {
            "@type": "Table",
            "url": "data-9.csv",
            "tableSchema": {
                "@type": "Schema",
                "aboutUrl": "{+uri}",
                "columns": [
                    {
                        "@type": "Column",
                        "name": "uri",
                        "titles": "URI",
                        "dc:description": "Warehouse URI",
                        "required": true,
                        "datatype": "anyURI",
                        "propertyUrl": "rdf:type",
                        "valueUrl": "http://www.disit.org/km4city/schema#Warehouse_and_storage"
                    },
                    {
                        "@type": "Column",
                        "name": "capacity",
                        "titles": "capacity",
                        "dc:description": "Total capacity of the warehouse",
                        "required": true,
                        "datatype": "integer",
                        "propertyUrl": "http://purl.org/openorg/capacity"
                    },
                    {
                        "@type": "Column",
                        "name": "addressURI",
                        "titles": "addressURI",
                        "dc:description": "Address foreign key",
                        "required": true,
                        "datatype": "anyURI",
                        "propertyUrl": "schema:location",
                        "valueUrl": "{+addressURI}"
                    }
                ],
                "primaryKey": "uri",
                "foreignKeys": [
                    {
                        "columnReference": "addressURI",
                        "reference": {
                            "resource": "data-12.csv",
                            "columnReference": "uri"
                        }
                    }
                ]
            }
        },
        {
            "@type": "Table",
            "url": "data-10.csv",
            "tableSchema": {
                "@type": "Schema",
                "columns": [
                    {
                        "@type": "Column",
                        "name": "employeeURI",
                        "titles": "employeeURI",
                        "dc:description": "Employee foreign key",
                        "datatype": "anyURI",
                        "required": true,
                        "aboutUrl": "{+employeeURI}",
                        "propertyUrl": "schema:location",
                        "valueUrl": "{+warehouseURI}"
                    },
                    {
                        "@type": "Column",
                        "name": "warehouseURI",
                        "titles": "warehouseURI",
                        "dc:description": "Warehouse foreign key",
                        "datatype": "anyURI",
                        "required": true,
                        "suppressOutput": true
                    }
                ],
                "primaryKey": [
                    "employeeURI",
                    "warehouseURI"
                ],
                "foreignKeys": [
                    {
                        "columnReference": "warehouseURI",
                        "reference": {
                            "resource": "data-9.csv",
                            "columnReference": "uri"
                        }
                    },
                    {
                        "columnReference": "employeeURI",
                        "reference": {
                            "resource": "data-3.csv",
                            "columnReference": "uri"
                        }
                    }
                ]
            }
        },
        {
            "@type": "Table",
            "url": "data-11.csv",
            "tableSchema": {
                "@type": "Schema",
                "columns": [
                    {
                        "@type": "Column",
                        "name": "id",
                        "titles": "ID",
                        "dc:description": "Contact ID",
                        "datatype": "integer",
                        "required": true,
                        "suppressOutput": true
                    },
                    {
                        "@type": "Column",
                        "name": "warehouseURI",
                        "titles": "warehouseURI",
                        "dc:description": "Warehouse foreign key",
                        "datatype": "anyURI",
                        "required": true,
                        "suppressOutput": true
                    },
                    {
                        "@type": "Column",
                        "name": "contactInfo",
                        "titles": "contactInfo",
                        "dc:description": "Contact information",
                        "datatype": "string",
                        "required": true,
                        "aboutUrl": "{+warehouseURI}",
                        "propertyUrl": "foaf:mbox",
                        "valueUrl": "mailto:{+contactInfo}"
                    }
                ],
                "primaryKey": "id",
                "foreignKeys": [
                    {
                        "columnReference": "warehouseURI",
                        "reference": {
                            "resource": "data-9.csv",
                            "columnReference": "uri"
                        }
                    }
                ]
            }
        },
        {
            "@type": "Table",
            "url": "data-12.csv",
            "tableSchema": {
                "@type": "Schema",
                "aboutUrl": "{+uri}",
                "columns": [
                    {
                        "@type": "Column",
                        "name": "uri",
                        "titles": "URI",
                        "dc:description": "Address URI",
                        "required": true,
                        "datatype": "anyURI",
                        "propertyUrl": "rdf:type",
                        "valueUrl": "vcard:Address",
                        "lang": "en"
                    },
                    {
                        "@type": "Column",
                        "name": "country",
                        "titles": "country",
                        "dc:description": "The country from the address",
                        "required": true,
                        "datatype": "string",
                        "propertyUrl": "vcard:country-name",
                        "lang": "en"
                    },
                    {
                        "@type": "Column",
                        "name": "city",
                        "titles": "city",
                        "dc:description": "The city from the address",
                        "required": true,
                        "datatype": "string",
                        "propertyUrl": "vcard:locality",
                        "lang": "en"
                    },
                    {
                        "@type": "Column",
                        "name": "streetLine",
                        "titles": "streetLine",
                        "dc:description": "The address street line",
                        "required": true,
                        "datatype": "string",
                        "propertyUrl": "vcard:street-address",
                        "lang": "en"
                    },
                    {
                        "@type": "Column",
                        "name": "postCode",
                        "titles": "postCode",
                        "dc:description": "The address post code",
                        "required": true,
                        "datatype": "string",
                        "propertyUrl": "vcard:postal-code",
                        "lang": "en"
                    }
                ],
                "primaryKey": "uri"
            }
        }
    ]
}