{
    "$schema": "https://json-schema.org/draft/2020-12/schema",
    "title": "Orders Schema",
    "type": "object",
    "properties": {
        "orders": {
        "type": "array",
        "items": {
            "$ref": "#/$defs/order"
        }
        }
    },
    "$defs": {
        "order": {
        "type": "object",
        "properties": {
            "orderNumber": {
            "type": "integer"
            },
            "totalPrice": {
            "type": "integer"
            },
            "customer": {
            "$ref": "#/$defs/customer"
            },
            "product": {
            "type": "array",
            "minItems": 1,
            "items": {
                "$ref": "#/$defs/product"
            }
            },
            "address": {
            "$ref": "#/$defs/address"
            },
            "employee": {
            "type": "array",
            "minItems": 1,
            "items": {
                "$ref": "#/$defs/employee"
            }
            }
        },
        "required": ["orderNumber", "totalPrice", "customer", "product", "address", "employee"]
        },
        "customer": {
        "type": "object",
        "properties": {
            "name": {
            "$ref": "#/$defs/langString"
            },
            "email": {
            "type": "string",
            "format": "email"
            },
            "registrationDate": {
            "type": "string",
            "format": "date-time"
            },
            "privileged": {
            "type": "boolean"
            },
            "address": {
            "$ref": "#/$defs/address"
            }
        },
        "required": ["name", "email", "registrationDate", "privileged", "address"]
        },
        "employee": {
        "type": "object",
        "properties": {
            "name": {
            "type": "string"
            },
            "email": {
            "type": "string",
            "format": "email"
            },
            "startingDate": {
            "type": "string",
            "format": "date-time"
            },
            "address": {
            "$ref": "#/$defs/address"
            },
            "warehouse": {
            "type": "array",
            "items": {
                "$ref": "#/$defs/warehouse"
            }
            }
        },
        "required": ["name", "email", "startingDate", "address"]
        },
        "warehouse": {
        "type": "object",
        "properties": {
            "capacity": {
            "type": "integer"
            },
            "contact": {
            "type": "string"
            },
            "address": {
            "$ref": "#/$defs/address"
            },
            "product": {
            "type": "array",
            "minItems": 0,
            "items": {
                "$ref": "#/$defs/product"
            }
            }
        },
        "required": ["capacity", "contact", "address"]
        },
        "product": {
        "type": "object",
        "properties": {
            "price": {
            "type": "integer"
            },
            "name": {
            "type": "string"
            },
            "sale": {
            "type": "string"
            },
            "VAT": {
            "type": "integer"
            },
            "brand": {
            "$ref": "#/$defs/brand",
            "nullable": true
            }
        },
        "required": ["price", "name", "sale", "VAT"]
        },
        "brand": {
        "type": "object",
        "properties": {
            "name": {
            "type": "string"
            },
            "companyEmail": {
            "type": "string",
            "format": "email"
            }
        },
        "required": ["name", "companyEmail"]
        },
        "address": {
        "type": "object",
        "properties": {
            "country": {
            "$ref": "#/$defs/langString"
            },
            "city": {
            "$ref": "#/$defs/langString"
            },
            "streetLine": {
            "$ref": "#/$defs/langString"
            },
            "postCode": {
            "$ref": "#/$defs/langString"
            }
        },
        "required": ["country", "city", "streetLine", "postCode"]
        },
        "langString": {
        "type": "object",
        "properties": {
            "value": {
            "type": "string"
            },
            "lang": {
            "type": "string",
            "pattern": "^[a-zA-Z]{2,}$"
            }
        },
        "required": ["value"],
        "additionalProperties": false
        }
    }
}